001,美孚1号机油,保养用品,4,升,001,,0.0000,0.0000,0.0000,680.0000,680.0000
003,瓦尔塔电池,快修用品,,个,003,,0.0000,0.0000,370.0000,680.0000,680.0000
006,铁将军太阳能胎压监视器T179,汽车用品,T179,套,006,,0.0000,0.0000,730.0000,1380.0000,1380.0000
007,行车记录仪+行车记录仪,汽车用品,,套,007,,0.0000,0.0000,0.0000,1180.0000,1180.0000
008,其它,美容用品,,瓶,008,,-1550.0000,0.0000,0.0000,100.0000,100.0000
009,雨刮片,快修用品,,条,009,,1.0000,35.0000,35.0000,50.0000,50.0000
010,亚路发DCC双核漆面镀晶,美容用品,DCC,套,010,,2.0000,2160.0000,1080.0000,5880.0000,5880.0000
012,法雷奥优静无骨雨刮片16寸,汽车用品,16,条,012,,1.0000,56.0000,56.0000,140.0000,140.0000
013,朗龙挂式香水,汽车用品,,支,013,,10.0000,590.0000,59.0000,118.0000,118.0000
014,午阳真皮,汽车用品,,套,014,,0.0000,0.0000,0.0000,3221.0000,3221.0000
018,铁将军胎压监测报警器T213,汽车用品,T213,套,018,,0.0000,0.0000,650.0000,1280.0000,1280.0000
020,360全景可视倒车系统,汽车用品,,套,020,,2.0000,0.0000,0.0000,3880.0000,3880.0000
021,飞雨滑水高效玻璃水,美容用品,2L,瓶,021,,16.0000,1120.0000,70.0000,180.0000,180.0000
022,亚路发Z0超值体验镀晶,美容用品,套,套,022,,5.0000,1900.0000,380.0000,1680.0000,1680.0000
023,亚路发Z1+极光漆面镀晶,美容用品,套,套,023,,6.0000,4680.0000,780.0000,0.0000,0.0000
024,z5纳米魔术亮晶套装,美容用品,套,套,024,,2.0000,420.0000,210.0000,1280.0000,1280.0000
025,朗龙挂式玉玺香水,汽车用品,,个,025,,0.0000,0.0000,118.0000,268.0000,268.0000
026,朗龙净味碳膏,汽车用品,,个,026,,6.0000,336.0000,56.0000,118.0000,118.0000
027,法雷奥优静无骨雨刮片17寸,汽车用品,17,条,027,,0.0000,0.0000,56.0000,140.0000,140.0000
028,法雷奥优静无骨雨刮片18寸,汽车用品,18,条,028,,3.0000,168.0000,56.0000,140.0000,140.0000
029,法雷奥优静无骨雨刮片19寸,汽车用品,19,条,029,,1.0000,59.0000,59.0000,140.0000,140.0000
030,法雷奥优静无骨雨刮片20寸,汽车用品,20,条,030,,1.0000,59.0000,59.0000,118.0000,118.0000
031,法雷奥优静无骨雨刮片21寸,汽车用品,21,条,031,,1.0000,59.0000,59.0000,140.0000,140.0000
032,法雷奥优静无骨雨刮片22寸,汽车用品,22,条,032,,1.0000,59.0000,59.0000,140.0000,140.0000
033,法雷奥传统有骨雨刮片17寸,汽车用品,17,条,033,,1.0000,18.0000,18.0000,120.0000,120.0000
034,法雷奥传统有骨雨刮片18寸,汽车用品,18,条,034,,1.0000,18.0000,18.0000,60.0000,60.0000
035,法雷奥传统有骨雨刮片19寸,汽车用品,19,条,035,,3.0000,60.0000,20.0000,60.0000,60.0000
036,法雷奥传统有骨雨刮片20寸,汽车用品,20,条,036,,2.0000,40.0000,20.0000,60.0000,60.0000
037,净宝,美容用品,,套,037,,0.0000,0.0000,330.0000,880.0000,880.0000
038,温馨香媛,美容用品,,套,038,,4.0000,720.0000,180.0000,580.0000,580.0000
039,洁仕,耗材,,套,039,,-34.6600,-1455.7200,42.0000,0.0000,0.0000
040,铁将军胎压智感700,汽车用品,,套,040,,1.0000,430.0000,430.0000,499.0000,499.0000
041,铁将军胎压智感850,汽车用品,,套,041,,0.0000,0.0000,480.0000,699.0000,699.0000
042,标榜泡沫剂,美容用品,,支,042,,-1.0000,-5.2000,5.2000,28.0000,28.0000
043,标榜柏油清洁剂,耗材,,支,043,,0.0000,0.0000,6.3000,0.0000,0.0000
044,和流香香膏,汽车用品,,盒,044,,29.0000,1160.0000,40.0000,88.0000,88.0000
045,和流香挂式香水,汽车用品,,瓶,045,,8.0000,600.0000,75.0000,138.0000,138.0000
046,百适通空调清洗除味套装,美容用品,,升,046,,4.0000,392.0000,98.0000,480.0000,480.0000
047,百适通防冻液（绿色）2L,美容用品,2L,升,047,,5.0000,165.0000,33.0000,98.0000,98.0000
048,百适通防冻液（绿色）4L,美容用品,4L,升,048,,5.0000,325.0000,65.0000,168.0000,168.0000
049,瓦尔塔电池H8-90LT2H,汽车用品,H8-90LT2H,个,049,,1.0000,788.0000,788.0000,1680.0000,1680.0000
050,瓦尔塔电池H8-100LT2H,汽车用品,H8-100LT2H,个,050,,1.0000,950.0000,950.0000,1800.0000,1800.0000
051,欧司朗氙气灯泡H1 12V 55W,汽车用品,H1 12V 55W,盒,051,,1.0000,145.0000,145.0000,280.0000,280.0000
052,欧司朗氙气灯泡H4 12V 55W,汽车用品,H4 12V 55W,盒,052,,1.0000,155.0000,155.0000,280.0000,280.0000
053,欧司朗氙气灯泡H7 12V 55W,汽车用品,H7 12V 55W,盒,053,,1.0000,158.0000,158.0000,280.0000,280.0000
054,欧司朗氙气灯泡H11 12V 55W,汽车用品,H11 12V 55W,盒,054,,1.0000,195.0000,195.0000,380.0000,380.0000
055,欧司朗氙气灯泡HB4 12V 55W,汽车用品,HB4  12V  55W,盒,055,,1.0000,155.0000,155.0000,280.0000,280.0000
056,欧司朗氙气灯泡（9006）H1 12V 55W,汽车用品,H1 12V 55W,盒,056,,0.0000,0.0000,145.0000,280.0000,280.0000
057,欧司朗氙气灯泡（9006）H3 12V 55W,汽车用品,H3 12V 55W,盒,057,,1.0000,155.0000,155.0000,280.0000,280.0000
058,欧司朗氙气灯泡（9006）H4 12V 55W,汽车用品,HA  12V  55W,盒,058,,1.0000,155.0000,155.0000,280.0000,280.0000
059,欧司朗氙气灯泡（9006）H11 12V 55W,汽车用品,H11 12V 55W,盒,059,,1.0000,195.0000,195.0000,380.0000,380.0000
060,欧司朗氙气灯泡（9006）HB4 12V 55W,汽车用品,HB4 12V 55W,盒,060,,0.0000,0.0000,155.0000,280.0000,280.0000
061,亚路发Z3水晶镀膜,美容用品,,支,061,,9.0000,675.0000,75.0000,280.0000,280.0000
062,蓝狐红酒,汽车用品,,瓶,062,,-1.0000,0.0000,0.0000,200.0000,200.0000
063,干车小毛巾,耗材,,条,063,,0.0000,0.0000,3.5000,0.0000,0.0000
064,干车大毛巾,耗材,,条,064,,0.0000,0.0000,17.0000,0.0000,0.0000
065,3M去污泥,耗材,,个,065,,0.0000,0.0000,83.0000,0.0000,0.0000
066,洗车海绵,耗材,,个,066,,100.0000,200.0000,2.0000,0.0000,0.0000
067,抛光球,耗材,,个,067,,0.0000,0.0000,10.0000,0.0000,0.0000
068,美纹纸,耗材,,件,068,,0.0000,0.0000,50.0000,0.0000,0.0000
069,遮蔽膜（小）,耗材,,个,069,,0.0000,0.0000,7.0000,0.0000,0.0000
070,遮蔽膜（大）,耗材,,个,070,,0.0000,0.0000,9.0000,0.0000,0.0000
071,高低凳,耗材,,张,071,,4.0000,560.0000,140.0000,0.0000,0.0000
072,亚路发粗研磨剂,耗材,,瓶,072,,0.0000,0.0000,160.0000,0.0000,0.0000
073,亚路发中研磨剂,耗材,,瓶,073,,3.0000,480.0000,160.0000,0.0000,0.0000
074,亚路发细研磨剂,耗材,,瓶,074,,3.0000,540.0000,180.0000,0.0000,0.0000
075,亚路发脱脂洗净剂（1:100希释使用）,耗材,1:100希释使用,桶,075,,0.0000,0.0000,260.0000,0.0000,0.0000
076,羊毛盘（不封边）粗,耗材,,个,076,,0.0000,0.0000,180.0000,0.0000,0.0000
077,波浪研磨盘（绿）,耗材,,对,077,,0.0000,0.0000,35.0000,0.0000,0.0000
078,波浪还原盘（白）,耗材,,对,078,,0.0000,0.0000,35.0000,0.0000,0.0000
079,镀膜毛巾,耗材,,条,079,,0.0000,0.0000,5.0000,0.0000,0.0000
080,浩泽净水优化机,耗材,,台,080,,1.0000,2920.0000,2920.0000,0.0000,0.0000
081,饮水杯,办公用品,,件,081,,0.0000,0.0000,95.0000,0.0000,0.0000
082,大卷纸,办公用品,,件,082,,0.0000,0.0000,95.0000,0.0000,0.0000
083,檫手纸,办公用品,,件,083,,0.0000,0.0000,95.0000,0.0000,0.0000
084,大卷纸架,耗材,,个,084,,5.0000,115.0000,23.0000,0.0000,0.0000
085,洗手液,办公用品,,桶,085,,0.0000,0.0000,105.0000,0.0000,0.0000
086,擦手纸架,办公用品,,个,086,,2.0000,46.0000,23.0000,0.0000,0.0000
087,洗手间香膏,办公用品,,个,087,,0.0000,0.0000,3.2000,0.0000,0.0000
088,洗手液盒子,办公用品,,个,088,,3.0000,78.0000,26.0000,0.0000,0.0000
089,长城黄油,耗材,,桶,089,,0.0000,0.0000,263.0000,0.0000,0.0000
090,抛光机吸盖,设备,,台,090,,0.0000,0.0000,20.0000,0.0000,0.0000
091,STAR黄油枪,设备,,支,091,,1.0000,65.0000,65.0000,0.0000,0.0000
092,龙卷风枪,设备,,支,092,,4.0000,220.0000,55.0000,0.0000,0.0000
093,小胶斗,设备,,台,093,,2.0000,50.0000,25.0000,0.0000,0.0000
094,龙卷风A款,设备,,支,094,,2.0000,360.0000,180.0000,0.0000,0.0000
095,强生泡沫枪,设备,,支,095,,1.0000,190.0000,190.0000,0.0000,0.0000
096,得伟849X抛光机,设备,,台,096,,1.0000,1100.0000,1100.0000,0.0000,0.0000
097,白云小餐车,设备,,台,097,,4.0000,800.0000,200.0000,0.0000,0.0000
098,白云小胶桶,设备,,个,098,,2.0000,50.0000,25.0000,0.0000,0.0000
099,豪达380V水机（不锈钢）,设备,,台,099,,1.0000,1200.0000,1200.0000,0.0000,0.0000
100,利优16抛光机,设备,,台,100,,3.0000,2760.0000,920.0000,0.0000,0.0000
101,白云AF0818小车,设备,,台,101,,2.0000,480.0000,240.0000,0.0000,0.0000
102,380V洗手机,设备,,台,102,,1.0000,2300.0000,2300.0000,0.0000,0.0000
103,高洁511洗车机,设备,,台,103,,1.0000,3600.0000,3600.0000,0.0000,0.0000
104,刻光敏章,办公用品,,个,104,,1.0000,45.0000,45.0000,0.0000,0.0000
105,三格文件架,办公用品,,个,105,,1.0000,13.0000,13.0000,0.0000,0.0000
106,订书钉,办公用品,,盒,106,,0.0000,0.0000,12.0000,0.0000,0.0000
107,气动磨头,设备,,台,107,,4.0000,1400.0000,350.0000,0.0000,0.0000
108,马牌座地吸气机,设备,,台,108,,1.0000,1600.0000,1600.0000,0.0000,0.0000
109,格菱五合一气鼓,设备,,台,109,,1.0000,4200.0000,4200.0000,0.0000,0.0000
110,标签纸,办公用品,,瓶,110,,0.0000,0.0000,12.0000,0.0000,0.0000
111,橡皮筋,办公用品,,包,111,,0.0000,0.0000,3.5000,0.0000,0.0000
112,A4夹板,办公用品,,块,112,,0.0000,0.0000,7.0000,0.0000,0.0000
113,A5夹板,办公用品,,块,113,,0.0000,0.0000,3.5000,0.0000,0.0000
114,签字笔,办公用品,,盒,114,,0.0000,0.0000,12.0000,0.0000,0.0000
115,圆珠笔,办公用品,,筒,115,,0.0000,0.0000,27.0000,0.0000,0.0000
116,618文件柜,办公用品,,个,116,,1.0000,11.5000,11.5000,0.0000,0.0000
117,计算机,办公用品,,台,117,,2.0000,60.0000,30.0000,0.0000,0.0000
118,订书机,办公用品,,台,118,,1.0000,14.0000,14.0000,0.0000,0.0000
119,名片册,办公用品,,本,119,,1.0000,11.0000,11.0000,0.0000,0.0000
120,A4过塑膜,办公用品,,包,120,,0.0000,0.0000,50.0000,0.0000,0.0000
121,气筒,办公用品,,个,121,,1.0000,4.5000,4.5000,0.0000,0.0000
122,潜水泵,设备,,个,122,,1.0000,400.0000,400.0000,0.0000,0.0000
123,16A三插,设备,,个,123,,1.0000,3.0000,3.0000,0.0000,0.0000
124,美光橡塑料光亮剂,耗材,,瓶,124,,0.0000,0.0000,280.0000,0.0000,0.0000
125,嘉旺轮胎蜡,耗材,,桶,125,,0.0000,0.0000,80.0000,0.0000,0.0000
126,擦手纸,办公用品,,件,126,,0.0000,0.0000,95.0000,0.0000,0.0000
127,2012年法国红狐红葡萄酒,红酒,,瓶,127,,16.0000,688.0000,43.0000,138.0000,138.0000
128,2011年法国银狐红葡萄酒,红酒,,瓶,128,,6.0000,300.0000,50.0000,180.0000,180.0000
129,2008年法国蓝狐红葡萄酒,红酒,,瓶,129,,0.0000,0.0000,58.0000,200.0000,200.0000
130,2007年法国金狐红葡萄酒,红酒,,瓶,130,,7.0000,581.0000,83.0000,250.0000,250.0000
131,2006法国醉狐红葡萄酒,红酒,,支,131,,4.0000,392.0000,98.0000,330.0000,330.0000
132,2007年法国黄金狐红葡萄酒,红酒,,支,132,,6.0000,780.0000,130.0000,390.0000,390.0000
133,2009年法国金马鞍红葡萄酒,红酒,,支,133,,12.0000,2880.0000,240.0000,580.0000,580.0000
134,2013年法国绿狐白葡萄酒,红酒,,支,134,,7.0000,385.0000,55.0000,148.0000,148.0000
135,2011年法国雪狐白葡萄酒,红酒,,支,135,,11.0000,825.0000,75.0000,198.0000,198.0000
136,2010年法国迷人狐白葡萄酒,红酒,,支,136,,9.0000,855.0000,95.0000,260.0000,260.0000
137,法国醉狐白起泡葡萄酒,红酒,,支,137,,5.0000,500.0000,100.0000,230.0000,230.0000
138,法国醉狐玫瑰起泡葡萄酒,红酒,,支,138,,4.0000,400.0000,100.0000,230.0000,230.0000
139,2013年法国仙狐玫瑰红葡萄酒,红酒,,支,139,,6.0000,342.0000,57.0000,156.0000,156.0000
140,2013年法国乐狐红葡萄酒,红酒,,支,140,,6.0000,570.0000,95.0000,290.0000,290.0000
141,尊尼红葡萄酒,红酒,,支,141,,3.0000,144.0000,48.0000,178.0000,178.0000
142,翠丝红葡萄酒,红酒,,支,142,,4.0000,272.0000,68.0000,236.0000,236.0000
143,阁兰丝红葡萄酒,红酒,,支,143,,1.0000,88.0000,88.0000,298.0000,298.0000
144,美丝红葡萄酒,红酒,,支,144,,5.0000,1340.0000,268.0000,680.0000,680.0000
145,美光超浓缩多泡洗车液,耗材,,桶,145,,1.0000,198.0000,198.0000,0.0000,0.0000
146,超细纤维洗车手套,耗材,,个,146,,13.0000,715.0000,55.0000,0.0000,0.0000
147,美光橡胶塑料光亮剂,耗材,,桶,147,,2.0000,560.0000,280.0000,0.0000,0.0000
148,美光皇蜡,耗材,,桶,148,,0.0000,0.0000,248.0000,0.0000,0.0000
149,美光胎铃清洁剂,耗材,,桶,149,,0.0000,0.0000,168.0000,0.0000,0.0000
150,美光围裙,耗材,,条,150,,10.0000,250.0000,25.0000,0.0000,0.0000
151,台湾喷壶,耗材,,个,151,,20.0000,300.0000,15.0000,0.0000,0.0000
152,美光防腐喷头,耗材,,个,152,,4.0000,100.0000,25.0000,0.0000,0.0000
153,美光标准喷头,耗材,,个,153,,6.0000,90.0000,15.0000,0.0000,0.0000
154,美光毛巾,耗材,,条,154,,0.0000,0.0000,20.0000,0.0000,0.0000
155,钢铃刷,耗材,,把,155,,0.0000,0.0000,3.0000,0.0000,0.0000
156,轮胎刷,耗材,,把,156,,0.0000,0.0000,0.0000,0.0000,0.0000
157,精洗毛刷,耗材,,台,157,,0.0000,0.0000,30.0000,0.0000,0.0000
158,美光分装屏,耗材,,个,158,,5.0000,125.0000,25.0000,0.0000,0.0000
159,医用手套,耗材,,套,159,,0.0000,0.0000,0.0000,0.0000,0.0000
160,口罩,耗材,,套,160,,0.0000,0.0000,0.0000,0.0000,0.0000
161,打泡沫盖,耗材,,套,161,,0.0000,0.0000,0.0000,0.0000,0.0000
162,软洗衣刷,耗材,,个,162,,0.0000,0.0000,0.0000,0.0000,0.0000
163,装液盘,耗材,,个,163,,0.0000,0.0000,0.0000,0.0000,0.0000
164,轮胎蜡海绵,耗材,,个,164,,0.0000,0.0000,2.0000,0.0000,0.0000
165,红酒柜,设备,,台,165,,1.0000,3100.0000,3100.0000,0.0000,0.0000
166,香槟杯,红酒,,个,166,,24.0000,804.0000,33.5000,108.0000,108.0000
167,红酒杯（大）,红酒,,个,167,,12.0000,540.0000,45.0000,180.0000,180.0000
168,红酒杯（小）,红酒,,个,168,,10.0000,450.0000,45.0000,135.0000,135.0000
169,勃根地红酒杯,红酒,,个,169,,0.0000,0.0000,45.0000,180.0000,180.0000
170,醒酒器,红酒,,个,170,,1.0000,95.0000,95.0000,190.0000,190.0000
171,411-1单 杯架,固定资产,,个,171,,1.0000,80.0000,80.0000,0.0000,0.0000
172,水杯,固定资产,,个,172,,12.0000,420.0000,35.0000,0.0000,0.0000
173,U型酒器,红酒,,个,173,,1.0000,218.0000,218.0000,436.0000,436.0000
174,水晶花瓶,固定资产,,个,174,,1.0000,288.0000,288.0000,0.0000,0.0000
175,圆烟缸,固定资产,,个,175,,2.0000,74.0000,37.0000,0.0000,0.0000
176,二排古铜,固定资产,,个,176,,5.0000,75.0000,15.0000,0.0000,0.0000
177,载酒车,固定资产,,个,177,,1.0000,18.0000,18.0000,0.0000,0.0000
178,马车复古宝石,固定资产,,个,178,,1.0000,27.0000,27.0000,0.0000,0.0000
179,奔马酒架,固定资产,,个,179,,1.0000,36.0000,36.0000,0.0000,0.0000
180,4瓶酒架,固定资产,,个,180,,1.0000,38.0000,38.0000,0.0000,0.0000
181,杯布,固定资产,,条,181,,3.0000,51.0000,17.0000,0.0000,0.0000
182,2格酒架,固定资产,,个,182,,3.0000,75.0000,25.0000,0.0000,0.0000
183,KSP-981,固定资产,,个,183,,2.0000,90.0000,45.0000,0.0000,0.0000
184,吹风筒,固定资产,,个,184,,1.0000,68.0000,68.0000,0.0000,0.0000
185,醒酒器,固定资产,,个,185,,0.0000,0.0000,60.0000,0.0000,0.0000
186,海马刀,红酒,,个,186,,200.0000,500.0000,2.5000,10.0000,10.0000
187,冰筒,固定资产,,个,187,,1.0000,130.0000,130.0000,0.0000,0.0000
188,酒塞,红酒,,个,188,,50.0000,175.0000,3.5000,15.0000,15.0000
189,长方面包篮,固定资产,,个,189,,1.0000,50.0000,50.0000,0.0000,0.0000
190,运费,耗材,,支,190,,0.0000,0.0000,0.0000,0.0000,0.0000
191,打印机,固定资产,,个,191,,1.0000,849.0000,849.0000,0.0000,0.0000
192,对讲机,固定资产,,个,192,,9.0000,2520.0000,280.0000,0.0000,0.0000
193,租花,耗材,,把,193,,0.0000,0.0000,350.0000,0.0000,0.0000
194,防晒帽,固定资产,,件,194,,20.0000,480.0000,24.0000,0.0000,0.0000
195,办公用品,办公用品,,把,195,,0.0000,0.0000,0.0000,0.0000,0.0000
196,维修设备,耗材,,件,196,,0.0000,0.0000,0.0000,0.0000,0.0000
197,天幕防爆膜前档A70,汽车用品,,台,197,,-1.0000,0.0000,0.0000,0.0000,0.0000
198,天幕防爆膜侧挡A30,汽车用品,,台,198,,-1.0000,0.0000,0.0000,0.0000,0.0000
199,天幕防爆膜侧挡A70,汽车用品,,台,199,,-1.0000,0.0000,0.0000,0.0000,0.0000
200,专车专用雨刮片,汽车用品,,对,200,,-1.0000,0.0000,0.0000,280.0000,280.0000
201,法雷奥雨刮有骨14寸,汽车用品,,支,201,,2.0000,30.0000,15.0000,60.0000,60.0000
202,法雷奥雨刮有骨15寸,汽车用品,,支,202,,1.0000,15.0000,15.0000,60.0000,60.0000
203,法雷奥雨刮有骨16寸,汽车用品,,支,203,,5.0000,80.0000,16.0000,60.0000,60.0000
204,法雷奥雨刮有骨19寸,汽车用品,,支,204,,2.0000,40.0000,20.0000,70.0000,70.0000
205,法雷奥雨刮有骨21寸,汽车用品,,支,205,,2.0000,46.0000,23.0000,70.0000,70.0000
206,法雷奥雨刮有骨22寸,汽车用品,,支,206,,1.0000,24.0000,24.0000,70.0000,70.0000
207,法雷奥雨刮有骨23寸,汽车用品,,支,207,,0.0000,0.0000,24.0000,70.0000,70.0000
208,法雷奥雨刮有骨24寸,汽车用品,,支,208,,0.0000,0.0000,26.0000,70.0000,70.0000
209,法雷奥雨刮有骨26寸,汽车用品,,支,209,,6.0000,198.0000,33.0000,70.0000,70.0000
210,法雷奥优静雨刮无骨26寸,汽车用品,,支,210,,-1.0000,-64.0000,64.0000,120.0000,120.0000
211,艾华灵精选干红,红酒,,瓶,211,,0.0000,0.0000,73.0000,198.0000,198.0000
212,哈维拉赤霞珠干红,红酒,,瓶,212,,0.0000,0.0000,43.0000,158.0000,158.0000
213,哈维拉西拉干红,红酒,,瓶,213,,0.0000,0.0000,73.0000,369.0000,369.0000
214,沙尼亚干白,红酒,,瓶,214,,19.0000,1216.0000,64.0000,198.0000,198.0000
215,澳时亚,红酒,,瓶,215,,2.0000,156.0000,78.0000,198.0000,198.0000
216,标榜化清剂,美容用品,,支,216,,0.0000,0.0000,5.0000,28.0000,28.0000
217,喷漆,耗材,,件,217,,2.0000,0.0000,0.0000,0.0000,0.0000
218,餐费,耗材,,个,218,,0.0000,0.0000,0.0000,0.0000,0.0000
219,无醇气泡酒（草莓味）,红酒,,瓶,219,,-2.0000,-136.0000,68.0000,128.0000,128.0000
220,无醇气泡酒（苹果味）,红酒,,瓶,220,,0.0000,0.0000,68.0000,128.0000,128.0000
221,泡沫液,耗材,,桶,221,,0.0000,0.0000,350.0000,0.0000,0.0000
222,蜡水液,耗材,,桶,222,,0.0000,0.0000,350.0000,0.0000,0.0000
223,威固V70,汽车用品,,件,223,,0.0000,0.0000,0.0000,0.0000,0.0000
224,天幕A30,汽车用品,,件,224,,-1.0000,0.0000,0.0000,0.0000,0.0000
225,标榜表板蜡,耗材,,瓶,225,,0.0000,0.0000,5.5000,0.0000,0.0000
226,汽车海绵,耗材,,个,226,,0.0000,0.0000,2.0000,0.0000,0.0000
227,汽车刷子,耗材,,把,227,,0.0000,0.0000,3.0000,0.0000,0.0000
228,欧歌专车专用导航,汽车用品,,套,228,,0.0000,0.0000,0.0000,5500.0000,5500.0000
229,玛莱图古堡干红,红酒,,支,229,,-1.0000,-23.0000,23.0000,98.0000,98.0000
230,玛莱图古堡白苏维翁,红酒,,支,230,,0.0000,0.0000,28.0000,118.0000,118.0000
231,玛莱图古2012干红,红酒,,支,231,,0.0000,0.0000,28.0000,168.0000,168.0000
232,玛莱图古堡。卡图干红,红酒,,支,232,,0.0000,0.0000,25.0000,138.0000,138.0000
233,玛莱图古堡。窖藏干红,红酒,,支,233,,0.0000,0.0000,39.0000,188.0000,188.0000
234,玛莱图古堡。帆船干红,红酒,,支,234,,0.0000,0.0000,45.0000,228.0000,228.0000
235,玛莱图古堡。超级波尔多柏桐干红,红酒,,支,235,,0.0000,0.0000,55.0000,288.0000,288.0000
236,安茹玫瑰蜜,红酒,,支,236,,11.0000,748.0000,68.0000,220.0000,220.0000
237,意大利子弹桃红甜起泡酒,红酒,,支,237,,5.0000,190.0000,38.0000,188.0000,188.0000
238,隆河谷塞纳干红2013,红酒,,支,238,,1.0000,55.0000,55.0000,218.0000,218.0000
239,塞纳嘉棣干红2012,红酒,,支,239,,1.0000,80.0000,80.0000,388.0000,388.0000
240,圣罗伦庄园干红,红酒,,支,240,,1.0000,145.0000,145.0000,698.0000,698.0000
241,圣罗伦干白,红酒,,支,241,,1.0000,130.0000,130.0000,598.0000,598.0000
242,卡卡尼克城堡红葡萄酒,红酒,,支,242,,1.0000,145.0000,145.0000,688.0000,688.0000
243,莱维德干红,红酒,,支,243,,1.0000,170.0000,170.0000,888.0000,888.0000
244,拉翠丝城堡红葡萄酒,红酒,,支,244,,0.0000,0.0000,28.0000,158.0000,158.0000
245,佩曼城堡干红,红酒,,支,245,,0.0000,0.0000,28.0000,158.0000,158.0000
246,佩曼城堡干白,红酒,,支,246,,0.0000,0.0000,30.0000,158.0000,158.0000
247,智利卡萨德阿多比红赤霞珠干红,红酒,,支,247,,0.0000,0.0000,45.0000,238.0000,238.0000
248,澳洲澳乐斯珍藏西拉干红,红酒,,支,248,,1.0000,130.0000,130.0000,588.0000,588.0000
249,澳洲澳乐斯精选干红,红酒,,支,249,,1.0000,55.0000,55.0000,218.0000,218.0000
250,意大利子弹甜白起泡葡萄酒,红酒,,支,250,,4.0000,152.0000,38.0000,188.0000,188.0000
251,轩尼诗VSOP700ml,红酒,,支,251,,0.0000,0.0000,300.0000,350.0000,350.0000
252,空调格,汽车用品,,个,252,,0.0000,0.0000,0.0000,80.0000,80.0000
253,空气格,汽车用品,,个,253,,0.0000,0.0000,0.0000,80.0000,80.0000
254,梦士纳米丝地毯,汽车用品,,台,254,,0.0000,0.0000,0.0000,1580.0000,1580.0000
255,智能后视镜X6,汽车用品,,台,255,,4.0000,6720.0000,1680.0000,0.0000,0.0000
256,奔富 洛神山庄,红酒,,瓶,256,,2.0000,80.0000,40.0000,68.0000,68.0000
257,恺撒庄园干白,红酒,,瓶,257,,0.0000,0.0000,38.0000,156.0000,156.0000
258,蓝调甜白,红酒,,瓶,258,,3.0000,210.0000,70.0000,238.0000,238.0000
259,格兰甜白（黑）,红酒,,瓶,259,,5.0000,205.0000,41.0000,199.0000,199.0000
260,格兰桃红（粉）,红酒,,瓶,260,,5.0000,205.0000,41.0000,199.0000,199.0000
261,伍尔特空调杀菌剂,美容用品,,瓶,261,,7.0000,1176.0000,168.0000,0.0000,0.0000
262,吸顶音箱,耗材,,个,262,,-5.0000,-150.0000,30.0000,0.0000,0.0000
263,威固V40,汽车用品,,件,263,,0.0000,0.0000,0.0000,0.0000,0.0000
264,3M雅致系列,汽车用品,,套,264,,0.0000,0.0000,630.0000,1280.0000,1280.0000
265,车牌托架,汽车用品,,个,265,,0.0000,0.0000,180.0000,230.0000,230.0000
266,威威座椅套,汽车用品,,套,266,,0.0000,0.0000,0.0000,0.0000,0.0000
267,大金羊,红酒,,瓶,267,,0.0000,0.0000,190.0000,388.0000,388.0000
268,奔407,红酒,,瓶,268,,0.0000,0.0000,350.0000,568.0000,568.0000
269,魔泥布,耗材,,件,269,,0.0000,0.0000,80.0000,0.0000,0.0000
270,金牌VSOP,红酒,1000ML,瓶,270,,0.0000,0.0000,290.0000,390.0000,390.0000
271,人头马,红酒,700ML,瓶,271,,0.0000,0.0000,255.0000,355.0000,355.0000
272,轩尼诗3星VS,红酒,1000ML,瓶,272,,1.0000,235.0000,235.0000,335.0000,335.0000
273,百事吉,红酒,,瓶,273,,0.0000,0.0000,1150.0000,1300.0000,1300.0000
274,马爹利VS,红酒,,瓶,274,,0.0000,0.0000,165.0000,265.0000,265.0000
275,轩尼诗黑牌,红酒,,瓶,275,,0.0000,0.0000,330.0000,450.0000,450.0000
276,芝士,耗材,,个,276,,0.0000,0.0000,19.5000,0.0000,0.0000
277,蓝带 700ML,红酒,,瓶,277,,0.0000,0.0000,820.0000,950.0000,950.0000
278,蓝带 1L,红酒,,瓶,278,,0.0000,0.0000,1210.0000,1380.0000,1380.0000
279,凌途V100,汽车用品,,个,279,,0.0000,0.0000,640.0000,1380.0000,1380.0000
280,伍尔特雨刮精,美容用品,,瓶,280,,-3.0000,-42.0000,14.0000,25.0000,25.0000
281,美光D14001,耗材,,桶,281,,-4.0000,-672.0000,168.0000,0.0000,0.0000
282,美光D16001,耗材,,桶,282,,-7.0000,-1960.0000,280.0000,0.0000,0.0000
283,美光M10501,耗材,,桶,283,,-4.0000,-2000.0000,500.0000,0.0000,0.0000
284,美光G13005,耗材,,支,284,,-3.0000,-225.0000,75.0000,0.0000,0.0000
285,美光分隔瓶,耗材,,个,285,,-2.0000,-40.0000,20.0000,0.0000,0.0000
286,小海绵,耗材,,个,286,,-24.0000,-12.0000,0.5000,0.0000,0.0000
287,美光A3714,耗材,,支,287,,-1.0000,-100.0000,100.0000,0.0000,0.0000
288,3M尊享系列,汽车用品,,套,288,,-1.0000,-880.0000,880.0000,1980.0000,1980.0000
289,标榜泡沫剂（无刷）,耗材,,支,289,,0.0000,0.0000,5.2000,0.0000,0.0000
290,凌途B60,汽车用品,,台,290,,0.0000,0.0000,630.0000,1380.0000,1380.0000
291,雷迪森偏光眼镜,汽车用品,,副,291,,4.0000,320.0000,80.0000,299.0000,299.0000
292,亚路发银离子覆膜,美容用品,,套,292,,0.0000,0.0000,95.0000,380.0000,380.0000
293,亚路发杀菌清洁套装,美容用品,,套,293,,0.0000,0.0000,175.0000,580.0000,580.0000
294,亚路发空调清洗喷雾,美容用品,,支,294,,0.0000,0.0000,30.0000,180.0000,180.0000
295,轩尼诗特醇 700ml老装,红酒,,瓶,295,,0.0000,0.0000,350.0000,558.0000,558.0000
296,轩尼诗XO1L 旧装,红酒,,瓶,296,,0.0000,0.0000,1380.0000,2380.0000,2380.0000
297,360倒车影视,汽车用品,,台,297,,0.0000,0.0000,0.0000,3980.0000,3980.0000
298,解码器,汽车用品,,个,298,,0.0000,0.0000,0.0000,1800.0000,1800.0000
299,天幕A15,汽车用品,,台,299,,-1.0000,0.0000,0.0000,0.0000,0.0000
300,曼佐尼,红酒,,瓶,300,,10.0000,280.0000,28.0000,89.0000,89.0000
301,燃油净化剂,美容用品,,支,301,,0.0000,0.0000,21.0000,50.0000,50.0000
302,轮胎225/60R16,维修配件,,条,302,,0.0000,0.0000,500.0000,0.0000,0.0000
303,机油格,维修配件,,个,303,,0.0000,0.0000,40.0000,0.0000,0.0000
304,补胎,维修配件,,个,304,,-2.0000,-120.0000,60.0000,0.0000,0.0000
305,罗汉果,耗材,,斤,305,,0.0000,0.0000,35.0000,0.0000,0.0000
306,马爹利300周年1000ml,红酒,,支,306,,0.0000,0.0000,1650.0000,2480.0000,2480.0000
307,巴若莎莫斯卡托红起泡酒,红酒,,瓶,307,,0.0000,0.0000,30.0000,126.0000,126.0000
308,飞天茅台,红酒,2013年,件,308,,0.0000,0.0000,900.0000,1180.0000,1180.0000
309,轮胎235/45R17,维修配件,,条,309,,0.0000,0.0000,0.0000,0.0000,0.0000
310,启停宝1L,汽车用品,1L,桶,310,,-1.0000,0.0000,0.0000,128.0000,128.0000
311,极护1L,汽车用品,1L,桶,311,,4.0000,0.0000,0.0000,160.0000,160.0000
312,美孚金装1L,汽车用品,1L,桶,312,,1.0000,0.0000,0.0000,180.0000,180.0000
313,美孚银装1L,汽车用品,1L,桶,313,,1.0000,115.0000,115.0000,160.0000,160.0000
314,梦仕开司米纶地毯,汽车用品,,套,314,,0.0000,0.0000,1140.0000,2280.0000,2280.0000
315,儿童安全座椅,汽车用品,,个,315,,-1.0000,-786.0000,786.0000,0.0000,0.0000
316,人头马1738,红酒,,瓶,316,,0.0000,0.0000,550.0000,888.0000,888.0000
317,人头马1988,红酒,,瓶,317,,0.0000,0.0000,1430.0000,1880.0000,1880.0000
318,轩尼诗特醇1000ML新装,红酒,,瓶,318,,0.0000,0.0000,360.0000,568.0000,568.0000
319,奔富128,红酒,,瓶,319,,0.0000,0.0000,220.0000,350.0000,350.0000
320,奥迪下中网,汽车用品,,只,320,,0.0000,0.0000,120.0000,120.0000,120.0000
321,太子湖,红酒,750ml,支,321,,0.0000,0.0000,65.0000,288.0000,288.0000
322,蓝带白色vsop,红酒,1000ml,瓶,322,,0.0000,0.0000,750.0000,950.0000,950.0000
323,轩尼诗XO,红酒,3L,瓶,323,,0.0000,0.0000,5200.0000,6300.0000,6300.0000
324,马爹利名仕 1.5L,红酒,1.5L,瓶,324,,0.0000,0.0000,930.0000,1280.0000,1280.0000
325,马爹利名仕 700ML,红酒,700ML,支,325,,0.0000,0.0000,365.0000,465.0000,465.0000
326,天幕侧挡A40,汽车用品,,台,326,,0.0000,0.0000,0.0000,1200.0000,1200.0000
327,轮胎255/50R19,快修用品,255/50R19,条,327,,0.0000,0.0000,0.0000,0.0000,0.0000
328,全能水,耗材,,支,328,,0.0000,0.0000,60.0000,0.0000,0.0000
329,电池线(600A),美容用品,,套,329,,0.0000,0.0000,40.0000,0.0000,0.0000
330,DK004 鸵鸟纹,汽车用品,,个,330,,0.0000,0.0000,168.0000,168.0000,168.0000
331,瓦尔塔电池L2-400L,汽车用品,60AH,个,331,,-1.0000,-460.0000,460.0000,720.0000,720.0000
332,TDL风口刷,汽车用品,,个,332,,0.0000,0.0000,7.0000,0.0000,0.0000
333,汽车风口刷,汽车用品,,个,333,,0.0000,0.0000,4.8000,0.0000,0.0000
334,车载冰箱,汽车用品,,台,334,,0.0000,0.0000,500.0000,0.0000,0.0000
335,S3686有线雷达,汽车用品,,套,335,,1.0000,320.0000,320.0000,0.0000,0.0000
336,轩尼诗XO 700ML,红酒,700ML,支,336,,0.0000,0.0000,980.0000,1280.0000,1280.0000
337,瓦尔塔电池H9-110-LT2H,汽车用品,,个,337,,0.0000,0.0000,1180.0000,0.0000,0.0000
338,人头马酒窖精选,红酒,1000ML,支,338,,0.0000,0.0000,340.0000,550.0000,550.0000
339,洗车毛巾,耗材,,条,339,,0.0000,0.0000,6.2700,0.0000,0.0000
340,松下电池,汽车用品,粒,粒,340,,75.0000,187.5000,2.5000,15.0000,15.0000
341,万胜电池,汽车用品,粒,粒,341,,43.0000,43.0000,1.0000,10.0000,10.0000
342,伍尔特异味消除剂,汽车用品,,瓶,342,,-1.0000,0.0000,0.0000,38.0000,38.0000
343,古帝干邑XO,红酒,93年700ML,瓶,343,,0.0000,0.0000,1000.0000,1680.0000,1680.0000
344,极致保护蜡,汽车用品,946ML,支,344,,0.0000,0.0000,95.0000,0.0000,0.0000
345,高级棕铜黄金蜡,汽车用品,338g,支,345,,0.0000,0.0000,180.0000,0.0000,0.0000
346,耗材,耗材,,包,346,,0.0000,0.0000,10.0000,0.0000,0.0000
347,邓禄普轮胎,汽车用品,,条,347,,0.0000,0.0000,1130.0000,1800.0000,1800.0000
348,米其林轮胎,汽车用品,,条,348,,-2.0000,0.0000,0.0000,1400.0000,1400.0000
349,瓦尔塔电池 80D26L,汽车用品,,个,349,,0.0000,0.0000,0.0000,840.0000,840.0000
350,华宝智能座垫,汽车用品,,套,350,,-1.0000,-1180.0000,1180.0000,0.0000,0.0000
351,倍耐力225/45R18,汽车用品,,条,351,,0.0000,0.0000,1300.0000,1700.0000,1700.0000
352,马爹利XO 1L,红酒,1L,支,352,,0.0000,0.0000,1430.0000,1880.0000,1880.0000
353,倍耐力225/60R17 P4,快修用品,,条,353,,0.0000,0.0000,540.0000,780.0000,780.0000
354,DK014 鸵鸟纹,汽车用品,,个,354,,0.0000,0.0000,84.0000,168.0000,168.0000
355,防爆膜威固K28,汽车用品,,台,355,,0.0000,0.0000,0.0000,0.0000,0.0000
356,卡仕达后视镜导航一体机,汽车用品,,个,356,,2.0000,3900.0000,1950.0000,2880.0000,2880.0000
357,轩尼诗礼盒,红酒,,盒,357,,0.0000,0.0000,2450.0000,2550.0000,2550.0000
358,威固侧后挡K14,汽车用品,,个,358,,0.0000,0.0000,816.0000,1330.0000,1330.0000
359,PB003 头层真皮,汽车用品,,个,359,,0.0000,0.0000,0.0000,145.0000,145.0000
360,仪表台翻新,汽车用品,,台,360,,1.0000,800.0000,800.0000,2800.0000,2800.0000
361,收银台高凳,耗材,,张,361,,1.0000,85.0000,85.0000,0.0000,0.0000
362,鼎钢真皮钥匙扣车标,汽车用品,豆沙色,个,362,,0.0000,0.0000,39.0000,78.0000,78.0000
363,红垫心,美容用品,,个,363,,0.0000,0.0000,30.0000,0.0000,0.0000
364,顶棚翻新,维修配件,,台,364,,0.0000,0.0000,600.0000,1500.0000,1500.0000
365,法雷奥无骨优选雨刮片26寸,汽车用品,,个,365,,1.0000,36.0000,36.0000,70.0000,70.0000
366,美光M2601,耗材,,桶,366,,-3.0000,-744.0000,248.0000,0.0000,0.0000
367,瓦尔塔46B24L,汽车用品,,个,367,,-1.0000,-540.0000,540.0000,0.0000,0.0000
368,固特异225/50R17,汽车用品,,条,368,,0.0000,0.0000,650.0000,0.0000,0.0000
369,亚路发微晶蜡,保养用品,,盒,369,,-3.0000,-60.0000,20.0000,0.0000,0.0000
370,鼎钢饰品勇者归来 CK001,汽车用品,,个,370,,0.0000,0.0000,64.0000,128.0000,128.0000
371,鼎钢饰品 DK004 鸵鸟纹,汽车用品,,个,371,,0.0000,0.0000,84.0000,168.0000,168.0000
372,绿驰全车脚垫,汽车用品,,套,372,,0.0000,0.0000,880.0000,1400.0000,1400.0000
373,车世界雨刮精,汽车用品,,瓶,373,,0.0000,0.0000,2.2000,0.0000,0.0000
374,车身贴膜,保养用品,,个,374,,0.0000,0.0000,1680.0000,2400.0000,2400.0000
375,镀晶原液,耗材,,支,375,,-7.0000,-1050.0000,150.0000,0.0000,0.0000
376,泡沫清洗格,耗材,,个,376,,0.0000,0.0000,130.0000,0.0000,0.0000
377,优步后视镜导航,汽车用品,,个,377,,1.0000,1620.0000,1620.0000,2980.0000,2980.0000
378,天幕前档HH70,汽车用品,,台,378,,0.0000,0.0000,1375.0000,2500.0000,2500.0000
379,吸尘机,耗材,,台,379,,1.0000,340.0000,340.0000,0.0000,0.0000
380,天幕前档SS70,汽车用品,,台,380,,0.0000,0.0000,0.0000,600.0000,600.0000
381,天幕侧挡SQ28,汽车用品,,台,381,,0.0000,0.0000,800.0000,800.0000,800.0000
382,小喷壶,固定资产,,个,382,,11.0000,165.0000,15.0000,0.0000,0.0000
383,蜡壶,耗材,,个,383,,0.0000,0.0000,6.0000,0.0000,0.0000
384,杰红轮,耗材,,桶,384,,0.0000,0.0000,360.0000,0.0000,0.0000
385,科磨泥布,耗材,,个,385,,0.0000,0.0000,35.0000,0.0000,0.0000
386,99丽彩防水蜡,耗材,,瓶,386,,0.0000,0.0000,90.0000,0.0000,0.0000
387,99丽彩黑蜡,耗材,,瓶,387,,0.0000,0.0000,45.0000,0.0000,0.0000
388,车仆防水蜡,耗材,,瓶,388,,0.0000,0.0000,35.0000,0.0000,0.0000
389,力喷壶,固定资产,,个,389,,20.0000,300.0000,15.0000,0.0000,0.0000
390,棕榈精油,美容用品,,盒,390,,0.0000,0.0000,45.2500,0.0000,0.0000
391,玻璃镀膜液,美容用品,,瓶,391,,0.0000,0.0000,500.0000,0.0000,0.0000
392,环保储物罐,固定资产,,个,392,,4.0000,112.0000,28.0000,0.0000,0.0000
393,手写荧光笔,固定资产,,支,393,,1.0000,36.5000,36.5000,0.0000,0.0000
394,手写荧光板,固定资产,,个,394,,1.0000,171.5000,171.5000,0.0000,0.0000
395,灯片,固定资产,,个,395,,1.0000,65.0000,65.0000,0.0000,0.0000
396,外挂显示屏,汽车用品,,台,396,,0.0000,0.0000,200.0000,0.0000,0.0000
397,360无缝全景,汽车用品,,个,397,,0.0000,0.0000,1800.0000,0.0000,0.0000
398,二合一蜡水,耗材,桶,桶,398,,0.0000,0.0000,135.0000,0.0000,0.0000
399,地毯清洗架,固定资产,个,个,399,,1.0000,1300.0000,1300.0000,0.0000,0.0000
400,脚垫,固定资产,张,张,400,,14.0000,0.0000,0.0000,0.0000,0.0000
401,小水桶,固定资产,个,个,401,,2.0000,18.0000,9.0000,0.0000,0.0000
402,法雷奥优选无骨雨刮16寸,汽车用品,条,个,402,,2.0000,112.0000,56.0000,180.0000,180.0000
403,法雷奥优选无骨雨刮18寸,汽车用品,个,个,403,,0.0000,0.0000,29.0000,180.0000,180.0000
404,法雷奥无骨优选雨刮19寸,汽车用品,个,个,404,,1.0000,33.0000,33.0000,180.0000,180.0000
405,法雷奥无骨优选雨刮20寸,汽车用品,个,个,405,,1.0000,33.0000,33.0000,180.0000,180.0000
406,法雷奥无骨优选雨刮21寸,汽车用品,个,个,406,,0.0000,0.0000,33.0000,180.0000,180.0000
407,法雷奥无骨优选雨刮22寸,汽车用品,个,个,407,,2.0000,66.0000,33.0000,180.0000,180.0000
408,99补色蜡,耗材,支,支,408,,0.0000,0.0000,0.0000,0.0000,0.0000
409,长黄毛刷,耗材,支,支,409,,0.0000,0.0000,0.0000,0.0000,0.0000
410,99水蜡,耗材,支,支,410,,0.0000,0.0000,0.0000,0.0000,0.0000
411,水泥克星,耗材,支,支,411,,0.0000,0.0000,0.0000,0.0000,0.0000
412,去污蜡,耗材,支,支,412,,0.0000,0.0000,0.0000,0.0000,0.0000
413,杰机油,耗材,瓶,瓶,413,,0.0000,0.0000,0.0000,0.0000,0.0000
414,车漆修复蜡1L,耗材,瓶,瓶,414,,0.0000,0.0000,0.0000,0.0000,0.0000
415,塑胶亮化蜡1L,耗材,瓶,瓶,415,,0.0000,0.0000,0.0000,0.0000,0.0000
416,对讲机,固定资产,个,个,416,,0.0000,0.0000,280.0000,0.0000,0.0000
417,美孚金装4L,汽车用品,支,支,417,,-3.0000,-1464.0000,488.0000,680.0000,680.0000
418,瓦尔塔H7-82LT2H,汽车用品,个,个,418,,0.0000,0.0000,650.0000,1680.0000,1680.0000
419,优步行车记录仪,汽车用品,个,个,419,,0.0000,0.0000,400.0000,600.0000,600.0000
420,多用篮,固定资产,个,个,420,,8.0000,48.0000,6.0000,0.0000,0.0000
421,八升水桶,固定资产,个,个,421,,8.0000,64.0000,8.0000,0.0000,0.0000
422,购物篮,固定资产,个,个,422,,2.0000,32.0000,16.0000,0.0000,0.0000
423,小号油斗,耗材,个,个,423,,0.0000,0.0000,0.8000,0.0000,0.0000
424,车衣,汽车用品,张,张,424,,0.0000,0.0000,65.0000,200.0000,200.0000
425,前碟刹碟,维修配件,个,个,425,,0.0000,0.0000,220.0000,400.0000,400.0000
426,卡莱斯车身膜,汽车用品,台,台,426,,0.0000,0.0000,6300.0000,10000.0000,10000.0000
427,仙人指路智能后视镜,汽车用品,个,个,427,,0.0000,0.0000,2780.0000,0.0000,0.0000
428,巴西棕榈蜡,美容用品,瓶,瓶,428,,0.0000,0.0000,25.0000,0.0000,0.0000
429,龙士达提篮,固定资产,个,个,429,,2.0000,378.0000,189.0000,0.0000,0.0000
430,风尚优雅座垫,汽车用品,套,套,430,,0.0000,0.0000,1440.0000,2880.0000,2880.0000
431,法雷奥优选无骨雨刮片26寸,汽车用品,个,个,431,,2.0000,72.0000,36.0000,180.0000,180.0000
432,洗车液,耗材,桶,桶,432,,0.0000,0.0000,350.0000,0.0000,0.0000
433,车载沉香香炉,汽车用品,套,套,433,,5.0000,1850.0000,370.0000,680.0000,680.0000
434,紫砂沉香香炉,汽车用品,套,套,434,,1.0000,370.0000,370.0000,680.0000,680.0000
435,白瓷沉香香炉,汽车用品,套,套,435,,1.0000,370.0000,370.0000,680.0000,680.0000
436,轮胎蜡,耗材,桶,套,436,,0.0000,0.0000,260.0000,0.0000,0.0000
437,米其林285/40ZR19,维修配件,条,条,437,,-1.0000,-2200.0000,2200.0000,3000.0000,3000.0000
438,瓦尔塔H7-110LFH,汽车用品,个,个,438,,0.0000,0.0000,1180.0000,2200.0000,2200.0000
439,邓禄普轮胎255/40R19,维修配件,条,条,439,,0.0000,0.0000,1530.0000,2580.0000,2580.0000
440,3214三坊纯棉汽车四季垫纯色系列咖啡色,汽车用品,套,套,440,,1.0000,1368.0000,1368.0000,2280.0000,2280.0000
441,洗衣机,固定资产,台,台,441,,2.0000,1000.0000,500.0000,0.0000,0.0000
442,门板翻新,快修用品,个,个,442,,0.0000,0.0000,350.0000,600.0000,600.0000
443,倍耐力245/50R18,维修配件,条,条,443,,0.0000,0.0000,1200.0000,2000.0000,2000.0000
444,倍耐力275/45R18,维修配件,条,条,444,,0.0000,0.0000,1320.0000,2300.0000,2300.0000
445,空调出风口,维修配件,个,个,445,,0.0000,0.0000,750.0000,2000.0000,2000.0000
446,美光D10801,耗材,桶,桶,446,,1.0000,168.0000,168.0000,0.0000,0.0000
447,美光M20501,耗材,桶,桶,447,,0.0000,0.0000,480.0000,0.0000,0.0000
448,红外线摄像头,汽车用品,个,个,448,,1.0000,80.0000,80.0000,180.0000,180.0000
449,8511记忆棉颈枕米色,汽车用品,个,个,449,,0.0000,0.0000,118.8000,198.0000,198.0000
450,8517记忆棉颈枕灰色,汽车用品,个,个,450,,2.0000,236.0000,118.0000,198.0000,198.0000
451,8516记忆棉颈枕黑色,汽车用品,个,个,451,,2.0000,237.6000,118.8000,198.0000,198.0000
452,8518记忆棉颈枕咖啡色,汽车用品,个,个,452,,2.0000,237.6000,118.8000,198.0000,198.0000
453,8515记忆棉颈枕红色,汽车用品,个,个,453,,2.0000,236.0000,118.0000,198.0000,198.0000
454,8611波点颈枕红+白,汽车用品,个,个,454,,2.0000,236.0000,118.0000,198.0000,198.0000
455,8612波点颈枕黑+白,汽车用品,个,个,455,,1.0000,118.8000,118.8000,198.0000,198.0000
456,8613波点颈棉米+咖啡,汽车用品,个,个,456,,2.0000,237.6000,118.8000,198.0000,198.0000
457,8521腰枕米色,汽车用品,个,个,457,,0.0000,0.0000,208.8000,348.0000,348.0000
458,8527腰垫灰色,汽车用品,个,个,458,,1.0000,208.8000,208.8000,348.0000,348.0000
459,8526腰垫黑色,汽车用品,个,个,459,,0.0000,0.0000,208.8000,348.0000,348.0000
460,8528腰垫咖啡色,汽车用品,个,个,460,,1.0000,208.8000,208.8000,348.0000,348.0000
461,8525腰垫红色,汽车用品,个,个,461,,1.0000,208.8000,208.8000,348.0000,348.0000
462,8621腰垫红+白,汽车用品,个,个,462,,0.0000,0.0000,208.8000,348.0000,348.0000
463,8622腰垫黑+白,汽车用品,个,个,463,,0.0000,0.0000,208.8000,348.0000,348.0000
464,8623波点腰垫米+咖啡色,汽车用品,个,个,464,,1.0000,208.8000,208.8000,348.0000,348.0000
465,8621波点腰垫红+白色,汽车用品,个,个,465,,1.0000,208.8000,208.8000,348.0000,348.0000
466,8622波点腰垫黑+白色,汽车用品,个,个,466,,1.0000,208.8000,208.8000,348.0000,348.0000
467,5132拼皮方向盘套灰色,汽车用品,个,个,467,,1.0000,160.8000,160.8000,268.0000,268.0000
468,5133拼皮方向盘套黑色,汽车用品,个,个,468,,2.0000,321.6000,160.8000,268.0000,268.0000
469,5134拼皮方向盘套咖啡色,汽车用品,个,个,469,,2.0000,321.6000,160.8000,268.0000,268.0000
470,5135拼皮方向盘套红色,汽车用品,个,个,470,,1.0000,160.8000,160.8000,268.0000,268.0000
471,拼皮方向盘红白波点色,汽车用品,个,个,471,,1.0000,160.8000,160.8000,268.0000,268.0000
472,5142方向盘套黑白波点,汽车用品,个,个,472,,2.0000,321.6000,160.8000,268.0000,268.0000
473,5143方向盘套米啡波点,汽车用品,个,个,473,,2.0000,321.6000,160.8000,268.0000,268.0000
474,3321空调被波点红+白,汽车用品,个,个,474,,1.0000,298.8000,298.8000,498.0000,498.0000
475,3322空调被波点黑+白,汽车用品,个,个,475,,1.0000,298.8000,298.8000,498.0000,498.0000
476,3323空调被波点米+啡,汽车用品,个,个,476,,1.0000,298.8000,298.8000,498.0000,498.0000
477,3331空调被苏格兰米色,汽车用品,个,个,477,,1.0000,298.8000,298.8000,498.0000,498.0000
478,3332空调被苏格兰黑色,汽车用品,个,个,478,,1.0000,298.8000,298.8000,498.0000,498.0000
479,3222四季垫波点黑+白色,汽车用品,套,套,479,,1.0000,1368.0000,1368.0000,2280.0000,2280.0000
480,3213四季垫黑色,汽车用品,套,套,480,,0.0000,0.0000,1368.0000,2280.0000,2280.0000
481,8526纯棉腰垫黑色,汽车用品,个,个,481,,2.0000,417.6000,208.8000,348.0000,348.0000
482,美孚银装4L,保养用品,支,支,482,,0.0000,0.0000,394.0000,580.0000,580.0000
483,嘉实多极护4L,保养用品,支,支,483,,2.0000,890.0000,445.0000,680.0000,680.0000
484,嘉实多极护1L,保养用品,支,支,484,,1.0000,126.0000,126.0000,180.0000,180.0000
485,嘉实多磁护4L,保养用品,支,支,485,,2.0000,570.0000,285.0000,280.0000,280.0000
486,嘉实多磁护1L,保养用品,支,支,486,,2.0000,160.0000,80.0000,160.0000,160.0000
487,快驰4L,保养用品,支,支,487,,0.0000,0.0000,90.0000,0.0000,0.0000
488,W01313122-36,个人用品,个,个,488,,0.0000,0.0000,784.5000,1569.0000,1569.0000
489,W01322741-02,个人用品,个,个,489,,0.0000,0.0000,1019.5000,2039.0000,2039.0000
490,C120509-1JAT,个人用品,个,个,490,,0.0000,0.0000,264.0000,528.0000,528.0000
491,C120509-2JAT,个人用品,个,个,491,,0.0000,0.0000,219.0000,438.0000,438.0000
492,C120509-3JAT,个人用品,个,个,492,,0.0000,0.0000,219.0000,438.0000,438.0000
493,C120618-1JTC,个人用品,个,个,493,,0.0000,0.0000,279.0000,558.0000,558.0000
494,C120618-2JTC,个人用品,个,个,494,,0.0000,0.0000,219.0000,438.0000,438.0000
495,C120618-3JTC,个人用品,个,个,495,,0.0000,0.0000,219.0000,438.0000,438.0000
496,C120687-1FZF,个人用品,个,个,496,,0.0000,0.0000,299.0000,598.0000,598.0000
497,C120687-2FZF,个人用品,个,个,497,,0.0000,0.0000,264.0000,528.0000,528.0000
498,C120687-3FZF,个人用品,个,个,498,,0.0000,0.0000,264.0000,528.0000,528.0000
499,C120913-1AFL,个人用品,个,个,499,,0.0000,0.0000,279.0000,558.0000,558.0000
500,C-618682X-1DK,个人用品,个,个,500,,0.0000,0.0000,214.0000,428.0000,428.0000
501,C-618683A-13DK,个人用品,个,个,501,,0.0000,0.0000,229.0000,458.0000,458.0000
502,C220931-2PHS,个人用品,个,个,502,,0.0000,0.0000,269.0000,538.0000,538.0000
503,CB07-CX336045-108,个人用品,个,个,503,,0.0000,0.0000,294.0000,588.0000,588.0000
504,CB33B-E932349-408,个人用品,个,个,504,,0.0000,0.0000,469.0000,938.0000,938.0000
505,CB33B-E9281092-308,个人用品,个,个,505,,0.0000,0.0000,499.0000,998.0000,998.0000
506,CB33B-E9051708-309,个人用品,个,个,506,,0.0000,0.0000,749.0000,1498.0000,1498.0000
507,SC0008-1170-01,个人用品,个,个,507,,0.0000,0.0000,340.0000,680.0000,680.0000
508,LC1190-1142-01,个人用品,个,个,508,,0.0000,0.0000,390.0000,780.0000,780.0000
509,LC1152-1141-01,个人用品,个,个,509,,0.0000,0.0000,340.0000,680.0000,680.0000
510,LC1138-197-01,个人用品,个,个,510,,0.0000,0.0000,390.0000,780.0000,780.0000
511,LC1207-1142-01,个人用品,个,个,511,,0.0000,0.0000,340.0000,680.0000,680.0000
512,LC1045-197-01,个人用品,个,个,512,,0.0000,0.0000,440.0000,880.0000,880.0000
513,LC1173-3141-04,个人用品,个,个,513,,0.0000,0.0000,290.0000,580.0000,580.0000
514,LC1152-5141-03,个人用品,个,个,514,,0.0000,0.0000,240.0000,480.0000,480.0000
515,CDGZ3209-009A,个人用品,个,个,515,,0.0000,0.0000,690.0000,1380.0000,1380.0000
516,CDGZ3209-010A,个人用品,个,个,516,,0.0000,0.0000,690.0000,1380.0000,1380.0000
517,CDGZ3003-338A,个人用品,个,个,517,,0.0000,0.0000,540.0000,1080.0000,1080.0000
518,CDGZ3012-008A,个人用品,个,个,518,,0.0000,0.0000,1340.0000,2680.0000,2680.0000
519,CDGZ3012-007A,个人用品,个,个,519,,0.0000,0.0000,1340.0000,2680.0000,2680.0000
520,CD013-006L-3,个人用品,个,个,520,,0.0000,0.0000,329.0000,658.0000,658.0000
521,CD3015-041B-10,个人用品,个,个,521,,0.0000,0.0000,224.0000,448.0000,448.0000
522,C320603-1FAT,个人用品,个,个,522,,0.0000,0.0000,79.0000,158.0000,158.0000
523,C111092-7JAT,个人用品,个,个,523,,0.0000,0.0000,109.0000,218.0000,218.0000
524,D120333-5A,个人用品,个,个,524,,0.0000,0.0000,219.0000,438.0000,438.0000
525,D220218-5A,个人用品,个,个,525,,0.0000,0.0000,164.0000,328.0000,328.0000
526,D3206565-5A,个人用品,个,个,526,,0.0000,0.0000,214.0000,428.0000,428.0000
527,D120722-5B,个人用品,个,个,527,,0.0000,0.0000,239.0000,478.0000,478.0000
528,CD9113-242B,个人用品,个,个,528,,0.0000,0.0000,290.0000,580.0000,580.0000
529,CDGZ8207-334C,个人用品,个,个,529,,0.0000,0.0000,640.0000,1280.0000,1280.0000
530,CD83-023J,个人用品,个,个,530,,0.0000,0.0000,1290.0000,2580.0000,2580.0000
531,CDGZ8309-171C,个人用品,个,个,531,,0.0000,0.0000,469.0000,938.0000,938.0000
532,CDGZ8304-169C,个人用品,个,个,532,,0.0000,0.0000,594.0000,1188.0000,1188.0000
533,CD8301-001B,个人用品,个,个,533,,0.0000,0.0000,1090.0000,2180.0000,2180.0000
534,CDGZ1014-351A,个人用品,个,个,534,,0.0000,0.0000,1490.0000,2980.0000,2980.0000
535,CDGZ1002-271C,个人用品,个,个,535,,0.0000,0.0000,1490.0000,2980.0000,2980.0000
536,CD1001-122A-11,个人用品,个,个,536,,0.0000,0.0000,1590.0000,3180.0000,3180.0000
537,CB33B-E9051708-209,个人用品,个,个,537,,0.0000,0.0000,899.0000,1798.0000,1798.0000
538,LG0055-266-03,个人用品,个,个,538,,0.0000,0.0000,840.0000,1680.0000,1680.0000
539,CD6007-029C-15,个人用品,个,个,539,,0.0000,0.0000,1490.0000,2980.0000,2980.0000
540,TCJ-TF32A,个人用品,个,个,540,,0.0000,0.0000,358.8000,598.0000,598.0000
541,TE-TC181A,个人用品,个,个,541,,0.0000,0.0000,238.2000,397.0000,397.0000
542,TCJ-F16E,个人用品,个,个,542,,0.0000,0.0000,418.8000,698.0000,698.0000
543,CB-S15,个人用品,个,个,543,,0.0000,0.0000,284.8000,458.0000,458.0000
544,CB-Z37,个人用品,个,个,544,,0.0000,0.0000,196.8000,328.0000,328.0000
545,沥青水,耗材,桶,桶,545,,0.0000,0.0000,165.0000,0.0000,0.0000
546,香薰瓶,耗材,个,个,546,,0.0000,0.0000,205.0000,0.0000,0.0000
547,香薰水,耗材,瓶,瓶,547,,0.0000,0.0000,94.9100,0.0000,0.0000
548,瓦尔塔H6-72L-T2M,维修配件,个,个,548,,1.0000,503.0000,503.0000,980.0000,980.0000
549,吸尘机扁咀,耗材,个,个,549,,10.0000,50.0000,5.0000,0.0000,0.0000
550,强生花洒,固定资产,个,个,550,,8.0000,600.0000,75.0000,0.0000,0.0000
551,空调滤,维修配件,个,个,551,,0.0000,0.0000,25.0000,100.0000,100.0000
552,内饰净化护理套装,美容用品,套,套,552,,2.0000,256.0000,128.0000,0.0000,0.0000
553,法雷奥优选雨刮24寸,汽车用品,24,个,553,,4.0000,144.0000,36.0000,118.0000,118.0000
554,法雷奥优选无骨雨刮28寸,汽车用品,28,个,554,,1.0000,36.0000,36.0000,120.0000,120.0000
555,法雷奥优静无骨雨刮24寸,汽车用品,24,个,555,,0.0000,0.0000,64.0000,180.0000,180.0000
556,瓦尔塔D26-70-L-T2-M,汽车用品,个,个,556,,0.0000,0.0000,480.0000,880.0000,880.0000
557,瓦尔塔D26-70-R-T2-M,汽车用品,个,个,557,,1.0000,480.0000,480.0000,880.0000,880.0000
558,瓦尔塔G86-55-R-T2-M,汽车用品,个,个,558,,1.0000,430.0000,430.0000,800.0000,800.0000
559,瓦尔塔H5-60-L-T2-M,汽车用品,个,个,559,,0.0000,0.0000,460.0000,890.0000,890.0000
560,瓦尔塔B24-45-L-T1-M,汽车用品,个,个,560,,1.0000,320.0000,320.0000,680.0000,680.0000
561,固特异轮胎,维修配件,条,条,561,,0.0000,0.0000,630.0000,0.0000,0.0000
562,3211纯色系列米色A套餐,汽车用品,套,套,562,,1.0000,1368.0000,1368.0000,2280.0000,2280.0000
563,钢铃,维修配件,个,个,563,,0.0000,0.0000,285.0000,0.0000,0.0000
564,挡泥板,维修配件,副,副,564,,0.0000,0.0000,20.0000,80.0000,80.0000
565,扁拖车绳,汽车用品,条,条,565,,0.0000,0.0000,25.0000,100.0000,100.0000
566,彩旗杆,耗材,支,支,566,,0.0000,0.0000,38.0000,0.0000,0.0000
567,磨术擦,耗材,个,个,567,,0.0000,0.0000,2.8000,0.0000,0.0000
568,法雷奥专用雨刮694寸,汽车用品,副,副,568,,1.0000,150.0000,150.0000,280.0000,280.0000
569,法雷奥专用雨刮004,汽车用品,副,副,569,,1.0000,178.0000,178.0000,380.0000,380.0000
570,法雷奥专用雨刮021,汽车用品,副,副,570,,1.0000,160.0000,160.0000,280.0000,280.0000
571,法雷奥专用雨刮476,汽车用品,副,副,571,,0.0000,0.0000,130.0000,280.0000,280.0000
572,360全景行车记录仪+导航,汽车用品,套,套,572,,0.0000,0.0000,3500.0000,4800.0000,4800.0000
573,脚踏板,汽车用品,个,个,573,,0.0000,0.0000,400.0000,1000.0000,1000.0000
574,合正专车专用记录仪,汽车用品,,个,574,,0.0000,0.0000,580.0000,1180.0000,1180.0000
575,合正通用记录仪,汽车用品,,个,575,,0.0000,0.0000,480.0000,1080.0000,1080.0000
576,多功能清洁剂,耗材,桶,桶,576,,0.0000,0.0000,800.0000,0.0000,0.0000
577,杰柏油,耗材,桶,桶,577,,0.0000,0.0000,120.0000,0.0000,0.0000
578,专车专用电踏板,汽车用品,套,套,578,,0.0000,0.0000,3800.0000,8800.0000,8800.0000
579,隐藏式行车记录仪,汽车用品,个,个,579,,0.0000,0.0000,280.0000,980.0000,980.0000
580,玻璃台布,耗材,张,张,580,,0.0000,0.0000,13.0000,0.0000,0.0000
581,天幕防爆膜后档A70,汽车用品,个,个,581,,0.0000,0.0000,400.0000,800.0000,800.0000
582,奔驰保厂电池,维修配件,个,个,582,,0.0000,0.0000,1800.0000,2800.0000,2800.0000
583,钢色球支架,汽车用品,个,个,583,,18.0000,360.0000,20.0000,58.0000,58.0000
584,金色球支架,汽车用品,个,个,584,,6.0000,144.0000,24.0000,68.0000,68.0000
585,水管,耗材,条,条,585,,0.0000,0.0000,198.0000,0.0000,0.0000
586,水管接头,耗材,个,个,586,,0.0000,0.0000,10.0000,0.0000,0.0000
587,壁扇,设备,个,个,587,,6.0000,660.0000,110.0000,0.0000,0.0000
588,威固G20,汽车用品,张,张,588,,0.0000,0.0000,0.0000,0.0000,0.0000
589,广告招牌,耗材,个,个,589,,0.0000,0.0000,550.0000,0.0000,0.0000
590,丽影隐藏式记录仪,汽车用品,个,个,590,,0.0000,0.0000,700.0000,1180.0000,1180.0000
591,精品,汽车用品,个,个,591,,-1.0000,0.0000,0.0000,0.0000,0.0000
592,威固H25,汽车用品,,张,592,,0.0000,0.0000,0.0000,0.0000,0.0000
593,披肩按摩器精品,汽车用品,个,个,593,,0.0000,0.0000,0.0000,168.0000,168.0000
594,充电宝精品,精品,个,个,594,,0.0000,0.0000,0.0000,98.0000,98.0000
595,玻璃升降器开关,维修配件,个,个,595,,0.0000,0.0000,80.0000,300.0000,300.0000
596,维修配件,维修配件,个,个,596,,0.0000,0.0000,35.0000,0.0000,0.0000
597,天幕侧挡SQ28,汽车用品,张,张,597,,0.0000,0.0000,500.0000,0.0000,0.0000
598,铁将军胎压T301,汽车用品,套,套,598,,1.0000,730.0000,730.0000,1580.0000,1580.0000
599,普通手机支架,精品,个,个,599,,-1.0000,0.0000,0.0000,68.0000,68.0000
600,柏油,耗材,桶,桶,600,,0.0000,0.0000,170.0000,0.0000,0.0000
601,表板蜡,耗材,箱,桶,601,,0.0000,0.0000,120.0000,0.0000,0.0000
602,底盘座,耗材,个,个,602,,0.0000,0.0000,35.0000,0.0000,0.0000
603,玻璃刮,固定资产,个,个,603,,4.0000,86.0000,21.5000,0.0000,0.0000
604,电视机主板,办公用品,个,个,604,,0.0000,0.0000,0.0000,0.0000,0.0000
605,甲醛检测器,固定资产,个,个,605,,1.0000,376.0000,376.0000,0.0000,0.0000
606,雨刮精,美容用品,支,支,606,,0.0000,0.0000,1.0000,0.0000,0.0000
607,空调清洗剂,汽车用品,套,套,607,,0.0000,0.0000,98.0000,380.0000,380.0000
608,A+空调深度清洗套装,美容用品,,套,608,,25.0000,2450.0000,98.0000,480.0000,480.0000
609,威保仕燃烧室除碳剂,保养用品,红,瓶,609,,-1.0000,0.0000,0.0000,68.0000,68.0000
610,威保仕喷油嘴清洁剂,保养用品,,瓶,610,,-1.0000,0.0000,0.0000,68.0000,68.0000
611,威保仕进气阀门除垢剂,保养用品,,瓶,611,,-1.0000,0.0000,0.0000,68.0000,68.0000
612,美容工具,固定资产,套,套,612,,1.0000,0.0000,0.0000,0.0000,0.0000
613,玩具车,精品,个,个,613,,0.0000,0.0000,138.0000,268.0000,268.0000
614,美光D17001,耗材,桶,套,614,,1.0000,300.0000,300.0000,0.0000,0.0000
615,空调刷,耗材,个,个,615,,2.0000,0.0000,0.0000,0.0000,0.0000
616,起亚行车记录仪,汽车用品,个,个,616,,0.0000,0.0000,1900.0000,2980.0000,2980.0000
617,雷达,汽车用品,个,个,617,,0.0000,0.0000,350.0000,650.0000,650.0000
618,平板充电线,耗材,条,条,618,,0.0000,0.0000,0.0000,0.0000,0.0000
合计,,,,,合计,,-361.66,102055.38
